method,ascending_rank,eigenvalue
sample_mle,1,1.3504622484731956e-05
sample_mle,2,1.7346014820111534e-05
sample_mle,3,5.8836037222633806e-05
sample_mle,4,0.0001352557240692386
ledoit_wolf,1,1.612329811235303e-05
ledoit_wolf,2,1.9729279016674623e-05
ledoit_wolf,3,5.8676675023436966e-05
ledoit_wolf,4,0.00013041314644425122
diagonal_sample_mle,1,2.741613523280501e-05
diagonal_sample_mle,2,5.7113296203765075e-05
diagonal_sample_mle,3,6.416812029449309e-05
diagonal_sample_mle,4,7.624484686565267e-05
