method,asset,weight,annualized_volatility_component,contribution_share
sample_mle,ASSET_A,0.25,0.031043242435918987,0.4033480079986308
sample_mle,ASSET_B,0.25,0.018695979066896885,0.24291875856020645
sample_mle,ASSET_C,0.25,0.0258709372859637,0.33614372084009564
sample_mle,ASSET_D,0.25,0.0013537577803196506,0.01758951260106714
ledoit_wolf,ASSET_A,0.25,0.03022055019191982,0.3975853233337068
ledoit_wolf,ASSET_B,0.25,0.018484536528216976,0.24318486544992943
ledoit_wolf,ASSET_C,0.25,0.02530429935167201,0.3329065147912948
ledoit_wolf,ASSET_D,0.25,0.00200083970444476,0.026323296425069226
diagonal_sample_mle,ASSET_A,0.25,0.020175072993232627,0.3389527600901373
diagonal_sample_mle,ASSET_B,0.25,0.015112692426616399,0.25390187247962825
diagonal_sample_mle,ASSET_C,0.25,0.016979462403027386,0.28526467528932065
diagonal_sample_mle,ASSET_D,0.25,0.007254556238912881,0.12188069214091363
