date,ASSET_A,ASSET_B,ASSET_C,ASSET_D
2024-01-01,100,100,100,100
2024-01-02,99.963625411807087,100.01142214846361,99.746961086532764,99.065702283475929
2024-01-03,100.37956505244554,100.53553017340948,100.35265205153767,99.039170600908861
2024-01-04,99.599853437754646,99.685034182594151,100.63386694608867,99.857433997061122
2024-01-05,101.20896520398144,101.06921943750939,102.07484843535563,99.421594734385565
2024-01-08,101.52638399257631,101.33292197473844,102.69927881513918,99.393737278299582
2024-01-09,101.61769755908345,100.59837996341801,103.28888265831347,100.37177124112671
2024-01-10,101.10448787945782,99.795879623388529,102.42502419977659,100.15426694532925
2024-01-11,101.99602473535737,100.4008155846869,103.23433056496951,99.878075811256394
2024-01-12,102.13087654926815,100.01747920871887,102.91834354349245,100.41454877000271
2024-01-15,102.7876006605954,100.39821343656774,104.77370103571724,100.65666271880336
2024-01-16,103.77561116697123,101.19807367359657,104.81685157155034,100.46404851745238
2024-01-17,105.41129528849179,101.24446535134133,106.22866870306906,100.76556416262814
2024-01-18,108.47064573189759,102.90888804099552,107.12978196312881,100.80274411501861
2024-01-19,109.25243313033593,102.61579702158605,108.127086818534,101.45104419377924
2024-01-22,108.50036422471105,102.40352381833679,106.64601362246428,100.9468063553783
2024-01-23,108.91439864600201,101.20851893918146,107.07377033869672,101.86225831976672
2024-01-24,109.34330902556812,100.4236165953791,107.03309541113191,102.33411501345924
2024-01-25,108.51019147581017,99.642697599431187,106.88537829142123,102.93048632804957
2024-01-26,109.38279420484443,100.03794012680045,107.07697643243522,102.82869490685545
2024-01-29,108.69545558423401,99.832942467159739,106.45253392088027,102.52308784228417
2024-01-30,107.26215458524334,98.61468948136671,106.39432613807371,102.48555964185174
2024-01-31,109.043301547575,99.54065154917788,107.09260958158666,101.80860522963317
2024-02-01,109.67123050272095,98.715246654087224,106.88080567057938,102.80605580454456
2024-02-02,108.0418370373372,97.483482203612368,105.99867902380961,103.61415175118512
2024-02-05,109.83931142683778,98.068198892806095,106.83593916109166,103.54022121277815
2024-02-06,108.54014542057465,97.33152457966959,106.93965772607311,104.02670778670122
2024-02-07,108.23748707550975,98.411415084849494,105.6362690649604,103.5607668399863
2024-02-08,108.43696112564199,99.928442680830571,105.09865285065223,103.83302427930387
2024-02-09,108.17454144678533,99.638904721913065,105.00553490190634,104.54305399546962
2024-02-12,107.5658927403541,99.562189237667752,103.61991189479689,105.00352184986839
2024-02-13,108.61616653511463,99.96306084339011,103.53489786099823,104.23641014656901
2024-02-14,107.04312592098731,98.490258073852942,101.54576449001563,104.40022003161738
2024-02-15,107.62313780540305,98.67363793043873,101.52483895084008,104.53577488228072
2024-02-16,107.0855520302626,98.526896919859993,100.72298468505976,104.53464109686365
2024-02-19,105.91481329839354,97.866967203338106,100.47736836710412,104.75791132340939
2024-02-20,107.66726690015287,99.547198221895812,101.99342453046071,104.05858742105561
2024-02-21,107.38245412460546,100.37661052704688,102.12166015222719,103.46528926611211
2024-02-22,108.32163260094936,100.41226458421413,103.33532143249361,103.26732491708275
2024-02-23,108.5655678465514,101.8549447600797,103.86149142895076,103.01792309751549
2024-02-26,109.73922969436383,101.4222309443588,104.67600927391692,103.18757079124011
2024-02-27,109.10323655845625,100.7434294551761,105.65668749703305,103.56048365232134
2024-02-28,109.98252978343983,101.30037723468872,105.74290823995752,103.08614782464988
2024-02-29,110.18288328037997,100.20683770161631,105.90705369929702,104.43319496311302
2024-03-01,109.63482768666893,99.872233388728489,105.11522782830554,104.5417808654617
2024-03-04,109.5598579873339,99.499623985407027,105.19665526521828,104.20328132901875
2024-03-05,109.92970456191264,99.241097912407952,105.96046677336402,104.96575530106691
2024-03-06,111.31742382767717,99.846706122573593,106.64948967309459,105.12097882601776
2024-03-07,111.1091853991546,98.898995799926098,108.20226393932782,105.94666477303517
2024-03-08,111.68324248378103,98.310703071704893,108.32235528812693,105.31996632405615
2024-03-11,111.63048046923672,98.392389200936933,107.58072928755944,105.36507677237282
2024-03-12,111.83812407295039,98.146699421107328,108.69210571465445,104.67653528394163
2024-03-13,111.34827974226343,98.811105565101698,107.79096787128279,104.54944337118104
2024-03-14,108.64546818038801,96.223931895252278,107.31329120171986,104.9659470414982
2024-03-15,109.8334147390521,96.532001510215096,107.19489912536248,104.78113443910149
2024-03-18,109.12468428565272,96.194026909558914,107.91415903023768,105.3945007869775
2024-03-19,109.79546992378992,97.832125718029829,107.39188151268108,104.5177828623781
2024-03-20,107.99586553569327,96.24365420576386,106.45088770892528,105.51032834328826
2024-03-21,108.92589277727825,96.073689463922022,107.01228555171612,105.70674747916691
2024-03-22,109.82491173695435,95.676616188165568,107.94099471495538,106.21866334077762
2024-03-25,109.14697791216919,95.878083820598818,107.2675991183939,105.63374832504218
2024-03-26,108.42181117329643,95.532727874323172,107.24629573723266,105.50101558285326
2024-03-27,108.03946417946528,95.614459523319027,106.92778209866549,105.41453585184075
2024-03-28,108.36392685734566,96.437541332828189,107.8195043545922,105.12399783907698
2024-03-29,108.99799519031748,96.209020908813031,108.493428909607,105.52107606301071
2024-04-01,110.1482661530309,96.960421447287416,108.68102462109293,105.0711774436357
2024-04-02,110.85878371869012,96.598274488892329,109.29583798498888,104.99738436123256
2024-04-03,109.68919816174183,95.915499395871208,109.65472246514835,104.79060236185424
2024-04-04,110.65947729519723,96.754271673294497,110.42478870277274,104.01345048069588
2024-04-05,111.94831626687554,96.692389048023514,111.08658944860876,103.45281996132567
2024-04-08,111.41672083395791,96.813897304404378,109.80872296202999,103.7388204789862
2024-04-09,111.27755709808847,96.894789432064002,111.05467083512883,104.49321166347954
2024-04-10,111.76512791202494,97.239933069078006,111.74469069296116,105.13787000907249
2024-04-11,110.95024873668658,96.650772996956064,112.78866955501863,105.29237698797363
2024-04-12,109.79465597243066,96.666614299589,111.70487294939863,104.8366302668984
2024-04-15,110.00753734343391,97.181960672101908,111.3836074453242,104.37305085669885
2024-04-16,109.82376925407719,96.602450692562243,111.98120064079376,104.48894791282575
2024-04-17,109.45887929966757,95.809918246085189,112.77250500317936,103.96284962407618
2024-04-18,110.11267195925605,96.394808705007378,112.89432875702555,103.73819751726028
2024-04-19,110.00394718364115,95.305429311340518,112.93304558886908,103.85435402559425
2024-04-22,108.57002413523888,94.437431837664406,111.45735757902048,102.90147524777822
2024-04-23,106.45944651038282,93.938143700136251,110.25068783462844,103.17653651832705
2024-04-24,106.4323872176785,93.549940474247762,110.77873133036154,103.58836960247164
2024-04-25,106.50475935719699,94.089139137325461,112.08490433045884,103.76756337810953
2024-04-26,106.38567515448436,93.389909815909448,113.36542517877292,104.38542235136026
2024-04-29,106.72472330633495,93.593183715854266,112.4503286337325,103.35036791730963
2024-04-30,106.10024802898759,93.469964879014938,111.66715795677122,103.17553713407463
2024-05-01,107.08602868692299,93.925230399741523,111.98423340560444,102.53806140303381
2024-05-02,106.08759717849389,93.735598583494109,112.48424376109433,102.80531036737787
2024-05-03,105.65327773505182,93.636582779073834,111.80883830312791,102.27513407288727
2024-05-06,106.83773457132213,94.174351400317306,112.72143817232609,102.31102468132653
2024-05-07,107.15208062186723,94.169131422421287,113.61157638534216,101.83417393602264
2024-05-08,107.57193211992468,94.957865405342531,113.62102920939184,102.1873660508478
2024-05-09,106.16188457197038,94.725120470949236,112.4432792173623,102.00510121038097
2024-05-10,106.07584274327661,94.664030459825739,112.85365938524828,101.98641694108905
2024-05-13,105.46765646417131,94.446213768987718,111.97670619699105,101.88102314869454
2024-05-14,105.42893336760697,94.079438845689026,112.8019613587105,101.97633458000301
2024-05-15,104.98865321911588,93.774695084442101,112.12538441744468,102.1850979712283
2024-05-16,104.96349893894032,93.811719182148977,110.66805151813743,102.16262712471544
2024-05-17,106.59471450103304,94.886984171055332,112.08134491631722,101.27778347156446
2024-05-20,105.43110191879677,94.372895671935623,110.72261814325941,100.57005281359528
2024-05-21,106.31068535042712,95.025780183594534,111.75468193418614,100.94409110995042
2024-05-22,106.8906968158955,95.111572929283497,111.80421344650107,100.79481827356263
2024-05-23,106.11064587283974,94.507863320164404,111.59550390530966,101.95259264335857
2024-05-24,105.1208786537855,93.091066464129,111.62674369759564,102.4677844229237
2024-05-27,105.45932634468444,93.898984101963208,111.63679514101419,101.09072027327774
2024-05-28,106.21002286095337,94.165347485995156,112.33023933510987,100.78576224556934
2024-05-29,105.96907110862671,94.013404109788496,112.12129922346546,100.66253967657074
2024-05-30,104.40799559558059,94.144854432168202,110.46994462442976,100.57291502493267
2024-05-31,103.57803766477983,93.486994198308849,109.67363367219198,100.70459111659842
2024-06-03,102.50794797017578,93.381109140054434,106.87794516086579,99.794428051230938
2024-06-04,102.79137113178223,93.080441833524603,108.12526475474297,100.67501487580259
2024-06-05,102.15490657701616,92.918062184499846,107.48439162221,100.91144148079752
2024-06-06,102.66385320667193,93.328361522350519,107.95562361932159,101.18667285422387
2024-06-07,102.46420252380868,93.11327617598765,106.72299552940096,101.26045515656992
2024-06-10,102.18249310158578,94.217752534884909,106.4121407829056,100.68593177376259
2024-06-11,102.4824597576212,93.987923818518254,108.22661494960279,101.25314742932257
2024-06-12,100.81176954368134,94.49980069528695,107.51933691594817,100.71711000612906
2024-06-13,100.6706156006471,93.842561360276832,106.84899307860046,102.06303575325697
2024-06-14,100.10167138259834,92.869146580207811,106.48128534427177,102.46250509201656
2024-06-17,100.91953476720839,94.601651266032079,106.70165162479486,101.76673307992594
2024-06-18,101.65762179772564,94.610278732534866,106.6200478939689,101.25864193961034
2024-06-19,101.89263714134103,95.001316860178719,106.49135379633128,100.65545562218357
2024-06-20,103.42630682649194,95.757982910734142,107.05738129118443,100.64931293974485
2024-06-21,103.69413727512359,96.325468230654536,107.60609739383304,100.97788132329018
2024-06-24,102.90921402319107,95.681968578643378,107.48053116081799,100.91760841909299
